sample_size,part,mean_beta,sd_beta,mean_se,mean_ciwidth
10,1,2.0369537,.39669219,.35715711,
10,2,2.0441864,.39704576,.34866354,1.6080391
100,1,2.0067737,.10487411,.10293615,
100,2,1.9967548,.10031334,.10056749,.39914581
1000,1,2.0081208,.030651333,.032031927,
1000,2,1.9998412,.031341512,.031628765,.12413303
10000,1,2.0101423,0,.010127421,
10000,2,1.9996705,.009902901,.0099957641,.03918742
