sample_size,mean_beta,sd_beta,mean_se,mean_ciwidth,mean_pval,true_beta
10,2.0369537,.39669219,.35715711,1.6472116,.0050285677,2
100,2.0067737,.10487411,.10293615,.40854686,5.6811842e-28,2
1000,2.0081208,.030651333,.032031927,.12571532,0,2
10000,2.0101423,0,.010127421,.039703608,0,2
