sample_size,source,mean_beta,sd_beta,mean_sem,mean_ciwidth,coverage
10,1,4.9786215,.54102921,.53687912,2.4760909,
10,2,5.0279174,.58419144,.53933114,2.4873996,.94599998
100,1,4.9960761,.14719927,.15184471,.60266179,
100,2,5.0034466,.14799654,.15171731,.6021561,.95999998
1000,1,4.9961052,.04591297,.047934182,.1881267,
1000,2,5.002048,.051502787,.047460269,.18626674,.92799997
10000,1,4.9976659,0,.015133378,.059329033,
10000,2,5.0003228,.015662858,.01499408,.058782842,.94199997
